[{"model": "contenttypes.contenttype", "pk": 1, "fields": {"app_label": "admin", "model": "logentry"}}, {"model": "contenttypes.contenttype", "pk": 2, "fields": {"app_label": "auth", "model": "permission"}}, {"model": "contenttypes.contenttype", "pk": 3, "fields": {"app_label": "auth", "model": "group"}}, {"model": "contenttypes.contenttype", "pk": 4, "fields": {"app_label": "auth", "model": "user"}}, {"model": "contenttypes.contenttype", "pk": 5, "fields": {"app_label": "contenttypes", "model": "contenttype"}}, {"model": "contenttypes.contenttype", "pk": 6, "fields": {"app_label": "sessions", "model": "session"}}, {"model": "contenttypes.contenttype", "pk": 7, "fields": {"app_label": "store", "model": "category"}}, {"model": "contenttypes.contenttype", "pk": 8, "fields": {"app_label": "store", "model": "section"}}, {"model": "contenttypes.contenttype", "pk": 9, "fields": {"app_label": "store", "model": "product"}}, {"model": "contenttypes.contenttype", "pk": 10, "fields": {"app_label": "store", "model": "article"}}, {"model": "contenttypes.contenttype", "pk": 11, "fields": {"app_label": "store", "model": "order"}}, {"model": "contenttypes.contenttype", "pk": 12, "fields": {"app_label": "store", "model": "orderline"}}, {"model": "sessions.session", "pk": "rkbrbto9zdnzhqasvx0iyge3ws7jfdzk", "fields": {"session_data": "MjU5N2NkODMzNmQ1ZmExOWFkNGEyMjk4MTUzYTlhZGQ2ZjFhNzY4Yzp7Il9hdXRoX3VzZXJfaWQiOiIxIiwiX2F1dGhfdXNlcl9iYWNrZW5kIjoiZGphbmdvLmNvbnRyaWIuYXV0aC5iYWNrZW5kcy5Nb2RlbEJhY2tlbmQiLCJfYXV0aF91c2VyX2hhc2giOiJhY2Q0YTE4YjVjOTg0OTQxNTAyMzk0ODc0NmE2ZDIxOGM4OGQ0ZTkxIiwianVzdF9zdG9yZV9jYXJ0Ijp7IjkiOjEsIjEwIjoxfX0=", "expire_date": "2019-07-31T07:13:48.867Z"}}, {"model": "store.category", "pk": 1, "fields": {"title": "\u0421\u043c\u0430\u0440\u0442\u0444\u043e\u043d\u044b", "order": 0}}, {"model": "store.category", "pk": 2, "fields": {"title": "\u0424\u043e\u0442\u043e\u0430\u043f\u043f\u0430\u0440\u0430\u0442\u044b", "order": 0}}, {"model": "store.section", "pk": 1, "fields": {"title": "Xiaomi", "category": 1, "order": 0}}, {"model": "store.section", "pk": 2, "fields": {"title": "Samsung", "category": 1, "order": 0}}, {"model": "store.section", "pk": 3, "fields": {"title": "Huawei", "category": 1, "order": 0}}, {"model": "store.section", "pk": 4, "fields": {"title": "\u0410\u043a\u0441\u0435\u0441\u0441\u0443\u0430\u0440\u044b", "category": null, "order": 0}}, {"model": "store.section", "pk": 5, "fields": {"title": "Nikon", "category": 2, "order": 0}}, {"model": "store.section", "pk": 6, "fields": {"title": "Canon", "category": 2, "order": 0}}, {"model": "store.product", "pk": 1, "fields": {"title": "CANON EOS 4000D KIT", "picture": "canon_eos4000d.jpg", "description": "\u0440\u0430\u0437\u0440\u0435\u0448\u0435\u043d\u0438\u0435 18\u043c\u043b\u043d.\u043f\u0438\u043a\u0441\u0435\u043b\u0435\u0439, \u043c\u0430\u0442\u0440\u0438\u0446\u0430 CMOS, \u043a\u0440\u043e\u043f-\u0444\u0430\u043a\u0442\u043e\u0440: 1.6, \u0416\u041a-\u0434\u0438\u0441\u043f\u043b\u0435\u0439 2.7\", \u0442\u0438\u043f \u043a\u0430\u0440\u0442 \u043f\u0430\u043c\u044f\u0442\u0438- SDXC, \u0431\u0430\u0439\u043e\u043d\u0435\u0442 Canon EF/EF-S, \u0437\u0430\u043f\u0438\u0441\u044c \u0432\u0438\u0434\u0435\u043e 1080p", "section": 6, "order": 0}}, {"model": "store.product", "pk": 2, "fields": {"title": "CANON EOS 2000D kit", "picture": "canon_eos2000d.jpg", "description": "\u0440\u0430\u0437\u0440\u0435\u0448\u0435\u043d\u0438\u0435 24.1\u043c\u043b\u043d.\u043f\u0438\u043a\u0441\u0435\u043b\u0435\u0439, \u043c\u0430\u0442\u0440\u0438\u0446\u0430 CMOS, \u043a\u0440\u043e\u043f-\u0444\u0430\u043a\u0442\u043e\u0440: 1.6, \u0416\u041a-\u0434\u0438\u0441\u043f\u043b\u0435\u0439 3\", \u0442\u0438\u043f \u043a\u0430\u0440\u0442 \u043f\u0430\u043c\u044f\u0442\u0438- SDXC, \u0431\u0430\u0439\u043e\u043d\u0435\u0442 Canon EF/EF-S, \u0437\u0430\u043f\u0438\u0441\u044c \u0432\u0438\u0434\u0435\u043e 1080p", "section": 6, "order": 0}}, {"model": "store.product", "pk": 3, "fields": {"title": "CANON EOS 200D kit", "picture": "canon_eos200d.jpg", "description": "\u0440\u0430\u0437\u0440\u0435\u0448\u0435\u043d\u0438\u0435 24.2\u043c\u043b\u043d.\u043f\u0438\u043a\u0441\u0435\u043b\u0435\u0439, \u043c\u0430\u0442\u0440\u0438\u0446\u0430 CMOS, \u043a\u0440\u043e\u043f-\u0444\u0430\u043a\u0442\u043e\u0440: 1.6, \u043f\u043e\u0432\u043e\u0440\u043e\u0442\u043d\u044b\u0439 \u0416\u041a-\u0434\u0438\u0441\u043f\u043b\u0435\u0439 3\", \u0442\u0438\u043f \u043a\u0430\u0440\u0442 \u043f\u0430\u043c\u044f\u0442\u0438- SDXC, \u0431\u0430\u0439\u043e\u043d\u0435\u0442 Canon EF/EF-S, \u0437\u0430\u043f\u0438\u0441\u044c \u0432\u0438\u0434\u0435\u043e 1080p", "section": 6, "order": 0}}, {"model": "store.product", "pk": 4, "fields": {"title": "NIKON D3500 kit", "picture": "nikon_d3500.jpg", "description": "\u0440\u0430\u0437\u0440\u0435\u0448\u0435\u043d\u0438\u0435 24.2\u043c\u043b\u043d.\u043f\u0438\u043a\u0441\u0435\u043b\u0435\u0439, \u043c\u0430\u0442\u0440\u0438\u0446\u0430 CMOS, \u043a\u0440\u043e\u043f-\u0444\u0430\u043a\u0442\u043e\u0440: 1.62, \u0416\u041a-\u0434\u0438\u0441\u043f\u043b\u0435\u0439 3\", \u0442\u0438\u043f \u043a\u0430\u0440\u0442 \u043f\u0430\u043c\u044f\u0442\u0438- SDXC, \u0431\u0430\u0439\u043e\u043d\u0435\u0442 Nikon F, \u0437\u0430\u043f\u0438\u0441\u044c \u0432\u0438\u0434\u0435\u043e 1080p", "section": 5, "order": 0}}, {"model": "store.product", "pk": 5, "fields": {"title": "NIKON D5300 kit", "picture": "nikon_d5300.jpg", "description": "\u0440\u0430\u0437\u0440\u0435\u0448\u0435\u043d\u0438\u0435 24.2\u043c\u043b\u043d.\u043f\u0438\u043a\u0441\u0435\u043b\u0435\u0439, \u043c\u0430\u0442\u0440\u0438\u0446\u0430 CMOS, \u043a\u0440\u043e\u043f-\u0444\u0430\u043a\u0442\u043e\u0440: 1.5, \u043f\u043e\u0432\u043e\u0440\u043e\u0442\u043d\u044b\u0439 \u0416\u041a-\u0434\u0438\u0441\u043f\u043b\u0435\u0439 3\", \u0442\u0438\u043f \u043a\u0430\u0440\u0442 \u043f\u0430\u043c\u044f\u0442\u0438- SDXC, \u0431\u0430\u0439\u043e\u043d\u0435\u0442 Nikon F, \u0437\u0430\u043f\u0438\u0441\u044c \u0432\u0438\u0434\u0435\u043e 1080p", "section": 5, "order": 0}}, {"model": "store.product", "pk": 6, "fields": {"title": "NIKON D7500 kit", "picture": "nikon_d7500.jpg", "description": "\u0440\u0430\u0437\u0440\u0435\u0448\u0435\u043d\u0438\u0435 20.9\u043c\u043b\u043d.\u043f\u0438\u043a\u0441\u0435\u043b\u0435\u0439, \u043c\u0430\u0442\u0440\u0438\u0446\u0430 CMOS, \u043a\u0440\u043e\u043f-\u0444\u0430\u043a\u0442\u043e\u0440: 1.5, \u0416\u041a-\u0434\u0438\u0441\u043f\u043b\u0435\u0439 3.15\", \u0442\u0438\u043f \u043a\u0430\u0440\u0442 \u043f\u0430\u043c\u044f\u0442\u0438- SDXC, \u0431\u0430\u0439\u043e\u043d\u0435\u0442 Nikon F, \u0437\u0430\u043f\u0438\u0441\u044c \u0432\u0438\u0434\u0435\u043e 4K", "section": 5, "order": 0}}, {"model": "store.product", "pk": 7, "fields": {"title": "HUAWEI Y5 Lite 16Gb", "picture": "huawie_y5_lite.jpg", "description": "\u041e\u0421 Android 8.1, \u044d\u043a\u0440\u0430\u043d: 5.45\", TFT, 1440\u00d7720, \u043f\u0440\u043e\u0446\u0435\u0441\u0441\u043e\u0440: MediaTek MT6739, 1500\u041c\u0413\u0446, 4-\u0445 \u044f\u0434\u0435\u0440\u043d\u044b\u0439, \u043a\u0430\u043c\u0435\u0440\u0430: 8\u041c\u043f, FM-\u0440\u0430\u0434\u0438\u043e, GPS, \u0413\u041b\u041e\u041d\u0410\u0421\u0421, \u0432\u0440\u0435\u043c\u044f \u0440\u0430\u0431\u043e\u0442\u044b \u0432 \u0440\u0435\u0436\u0438\u043c\u0435 \u0440\u0430\u0437\u0433\u043e\u0432\u043e\u0440\u0430, \u0434\u043e: 33\u0447, \u0432 \u0440\u0435\u0436\u0438\u043c\u0435 \u043e\u0436\u0438\u0434\u0430\u043d\u0438\u044f, \u0434\u043e: 691", "section": 3, "order": 0}}, {"model": "store.product", "pk": 8, "fields": {"title": "HUAWEI Y6 Prime 16Gb", "picture": "huawie_y6_prime.jpg", "description": "\u041e\u0421 Android 8.0, \u044d\u043a\u0440\u0430\u043d: 5.7\", 1440\u00d7720, \u043f\u0440\u043e\u0446\u0435\u0441\u0441\u043e\u0440: Qualcomm MSM8917, 1400\u041c\u0413\u0446, 4-\u0445 \u044f\u0434\u0435\u0440\u043d\u044b\u0439, \u043a\u0430\u043c\u0435\u0440\u0430: 13\u041c\u043f, GPS, \u0413\u041b\u041e\u041d\u0410\u0421\u0421, \u043e\u043f\u0435\u0440\u0430\u0442\u0438\u0432\u043d\u0430\u044f \u043f\u0430\u043c\u044f\u0442\u044c: 2\u0413\u0431, \u0432\u0441\u0442\u0440\u043e\u0435\u043d\u043d\u0430\u044f \u043f\u0430\u043c\u044f\u0442\u044c: 16\u0413\u0431", "section": 3, "order": 0}}, {"model": "store.product", "pk": 9, "fields": {"title": "SAMSUNG Galaxy J2 Prime 8Gb", "picture": "samsung_j2_prime.jpg", "description": "\u041e\u0421 Android 6.0.1, \u044d\u043a\u0440\u0430\u043d: 5\", Super LCD, 960\u00d7540, \u043f\u0440\u043e\u0446\u0435\u0441\u0441\u043e\u0440: MediaTek MT6737T, 1400\u041c\u0413\u0446, 4-\u0445 \u044f\u0434\u0435\u0440\u043d\u044b\u0439, \u043a\u0430\u043c\u0435\u0440\u0430: 8\u041c\u043f, FM-\u0440\u0430\u0434\u0438\u043e, GPS, \u0432\u0440\u0435\u043c\u044f \u0440\u0430\u0431\u043e\u0442\u044b \u0432 \u0440\u0435\u0436\u0438\u043c\u0435 \u0440\u0430\u0437\u0433\u043e\u0432\u043e\u0440\u0430, \u0434\u043e: 18\u0447,", "section": 2, "order": 0}}, {"model": "store.product", "pk": 10, "fields": {"title": "XIAOMI Mi 9 128Gb", "picture": "xiaomi_mi9_128.jpg", "description": "\u041e\u0421 Android 9.0, \u044d\u043a\u0440\u0430\u043d: 6.39\", AMOLED, 2340\u00d71080, \u043f\u0440\u043e\u0446\u0435\u0441\u0441\u043e\u0440: Qualcomm Snapdragon 855, 2840\u041c\u0413\u0446, 8-\u043c\u0438 \u044f\u0434\u0435\u0440\u043d\u044b\u0439, \u043a\u0430\u043c\u0435\u0440\u0430: 48\u041c\u043f, GPS, \u0413\u041b\u041e\u041d\u0410\u0421\u0421, \u0432\u0440\u0435\u043c\u044f \u0440\u0430\u0431\u043e\u0442\u044b \u0432 \u0440\u0435\u0436\u0438\u043c\u0435 \u0440\u0430\u0437\u0433\u043e\u0432\u043e\u0440\u0430, \u0434\u043e: 30\u0447", "section": 1, "order": 0}}, {"model": "store.product", "pk": 11, "fields": {"title": "XIAOMI Mi Mix 3 6/128Gb", "picture": "xiaomi_mi_mix3_128.jpg", "description": "\u041e\u0421 Android 9.0, \u044d\u043a\u0440\u0430\u043d: 6.39\", AMOLED, 2340\u00d71080, \u043f\u0440\u043e\u0446\u0435\u0441\u0441\u043e\u0440: Qualcomm Snapdragon 845, 2800\u041c\u0413\u0446, 8-\u043c\u0438 \u044f\u0434\u0435\u0440\u043d\u044b\u0439, \u043a\u0430\u043c\u0435\u0440\u0430: 12\u041c\u043f, GPS, \u0413\u041b\u041e\u041d\u0410\u0421\u0421, \u043e\u043f\u0435\u0440\u0430\u0442\u0438\u0432\u043d\u0430\u044f \u043f\u0430\u043c\u044f\u0442\u044c: 6\u0413\u0431, \u0432\u0441\u0442\u0440\u043e\u0435\u043d\u043d\u0430\u044f \u043f\u0430\u043c\u044f\u0442\u044c: 128\u0413\u0431", "section": 1, "order": 0}}, {"model": "store.product", "pk": 12, "fields": {"title": "XIAOMI Mi 9 64Gb", "picture": "xiaomi_mi9_128.jpg", "description": "\u041e\u0421 Android 9.0, \u044d\u043a\u0440\u0430\u043d: 6.39\", AMOLED, 2340\u00d71080, \u043f\u0440\u043e\u0446\u0435\u0441\u0441\u043e\u0440: Qualcomm Snapdragon 855, 2840\u041c\u0413\u0446, 8-\u043c\u0438 \u044f\u0434\u0435\u0440\u043d\u044b\u0439, \u043a\u0430\u043c\u0435\u0440\u0430: 48\u041c\u043f, GPS, \u0413\u041b\u041e\u041d\u0410\u0421\u0421", "section": 1, "order": 0}}, {"model": "store.product", "pk": 13, "fields": {"title": "XIAOMI Mi MIX2S 128Gb", "picture": "xiaomi_mi_mix2s_128.jpg", "description": "\u041e\u0421 Android 8.0, \u044d\u043a\u0440\u0430\u043d: 5.99\", IPS, 2160\u00d71080, \u043f\u0440\u043e\u0446\u0435\u0441\u0441\u043e\u0440: Qualcomm Snapdragon 845, 2800\u041c\u0413\u0446, 8-\u043c\u0438 \u044f\u0434\u0435\u0440\u043d\u044b\u0439, \u043a\u0430\u043c\u0435\u0440\u0430: 12\u041c\u043f, GPS, \u0413\u041b\u041e\u041d\u0410\u0421\u0421, \u043e\u043f\u0435\u0440\u0430\u0442\u0438\u0432\u043d\u0430\u044f \u043f\u0430\u043c\u044f\u0442\u044c: 6\u0413\u0431, \u0432\u0441\u0442\u0440\u043e\u0435\u043d\u043d\u0430\u044f \u043f\u0430\u043c\u044f\u0442\u044c: 128\u0413\u0431", "section": 1, "order": 0}}, {"model": "store.product", "pk": 14, "fields": {"title": "\u0420\u0443\u0447\u043a\u0430 \u043f\u0435\u0440\u044c\u0435\u0432\u0430\u044f Pelikan Jazz Elegance", "picture": "Pelikan Jazz Elegance.jpg", "description": "\u0440\u0430\u0437\u043c\u0435\u0440 \u043f\u0435\u0440\u0430: M; \u043c\u0430\u0442\u0435\u0440\u0438\u0430\u043b \u043a\u043e\u0440\u043f\u0443\u0441\u0430: \u043b\u0430\u0442\u0443\u043d\u044c \u043b\u0430\u043a\u0438\u0440\u043e\u0432\u0430\u043d\u043d\u0430\u044f; \u043e\u0442\u0434\u0435\u043b\u043a\u0430 \u0434\u0435\u0442\u0430\u043b\u0435\u0439: \u0445\u0440\u043e\u043c", "section": 4, "order": 0}}, {"model": "store.product", "pk": 15, "fields": {"title": "\u0420\u044e\u043a\u0437\u0430\u043a Wenger 900D", "picture": "Wenger_900D.jpg", "description": "\u041e\u0442\u043b\u0438\u0447\u043d\u043e \u043f\u043e\u0434\u0445\u043e\u0434\u0438\u0442 \u0434\u043b\u044f \u043b\u044e\u0434\u0435\u0439, \u0432\u0435\u0434\u0443\u0449\u0438\u0445 \u0430\u043a\u0442\u0438\u0432\u043d\u044b\u0439 \u043e\u0431\u0440\u0430\u0437 \u0436\u0438\u0437\u043d\u0438 \u0432 \u0433\u043e\u0440\u043e\u0434\u0435. \u041a\u0430\u0440\u043c\u0430\u043d-\u043e\u0440\u0433\u0430\u043d\u0430\u0439\u0437\u0435\u0440 \u0438 \u043a\u043e\u043b\u044c\u0446\u043e \u0434\u043b\u044f \u043a\u043b\u044e\u0447\u0435\u0439. \u0421\u043f\u0438\u043d\u043a\u0430 \u0438 \u0440\u0435\u043c\u043d\u0438 \u043e\u0431\u043e\u0440\u0443\u0434\u043e\u0432\u0430\u043d\u044b \u0441\u0438\u0441\u0442\u0435\u043c\u043e\u0439 \u0446\u0438\u0440\u043a\u0443\u043b\u044f\u0446\u0438\u0438 \u0432\u043e\u0437\u0434\u0443\u0445\u0430 Airflow.", "section": 4, "order": 0}}, {"model": "store.product", "pk": 16, "fields": {"title": "\u0420\u044e\u043a\u0437\u0430\u043a Wenger 605095 \u043e\u0440\u0430\u043d\u0436\u0435\u0432\u044b\u0439", "picture": "Wenger_605095_\u043e\u0440\u0430\u043d\u0436\u0435\u0432\u044b\u0439.jpg", "description": "\u041e\u0442\u0434\u0435\u043b\u0435\u043d\u0438\u044f \u0434\u043b\u044f \u043d\u043e\u0443\u0442\u0431\u0443\u043a\u0430 \u0438 \u043f\u043b\u0430\u043d\u0448\u0435\u0442\u0430 \u0441 \u043c\u044f\u0433\u043a\u0438\u043c\u0438 \u0441\u0442\u0435\u043d\u043a\u0430\u043c\u0438. \u041f\u043e\u0442\u0430\u0439\u043d\u043e\u0439 \u043a\u0430\u0440\u043c\u0430\u043d-\u043e\u0440\u0433\u0430\u043d\u0430\u0439\u0437\u0435\u0440 \u0432 \u0441\u043f\u0438\u043d\u043a\u0435 \u0440\u044e\u043a\u0437\u0430\u043a\u0430. \u041f\u043b\u0435\u0447\u0435\u0432\u044b\u0435 \u0440\u0435\u043c\u043d\u0438 \u0430\u043d\u0430\u0442\u043e\u043c\u0438\u0447\u0435\u0441\u043a\u043e\u0439 \u0444\u043e\u0440\u043c\u044b. \u0412\u043e\u0434\u043e\u043e\u0442\u0442\u0430\u043b\u043a\u0438\u0432\u0430\u044e\u0449\u0435\u0435 \u043f\u043e\u043a\u0440\u044b\u0442\u0438\u0435. \u0424\u0438\u043a\u0441\u0438\u0440\u0443\u044e\u0449\u0438\u0435\u0441\u044f \u043c\u0435\u0436\u0434\u0443 \u0441\u043e\u0431\u043e\u0439 \u0437\u0430\u0441\u0442\u0435\u0436\u043a\u0438-\u043c\u043e", "section": 4, "order": 0}}, {"model": "store.product", "pk": 17, "fields": {"title": "\u0420\u044e\u043a\u0437\u0430\u043a Wenger 600D PU \u0441\u0435\u0440\u044b\u0439", "picture": "Wenger-600D-PU \u0441\u0435\u0440\u044b\u0439.jpg", "description": "\u0420\u044e\u043a\u0437\u0430\u043a \u043d\u0430 \u043e\u0434\u043d\u043e \u043f\u043b\u0435\u0447\u043e WENGER \u044f\u0432\u043b\u044f\u0435\u0442\u0441\u044f \u043e\u0434\u043d\u043e\u0439 \u0438\u0437 \u0441\u0430\u043c\u044b\u0445 \u0443\u0434\u043e\u0431\u043d\u044b\u0445 \u0438 \u043c\u0430\u043b\u043e\u0433\u0430\u0431\u0430\u0440\u0438\u0442\u043d\u044b\u0445 \u043c\u043e\u0434\u0435\u043b\u0435\u0439. \u041c\u0430\u0442\u0435\u0440\u0438\u0430\u043b \u0438\u0437\u0433\u043e\u0442\u043e\u0432\u043b\u0435\u043d\u0438\u044f \u2014 \u043f\u0440\u043e\u0447\u043d\u0430\u044f \u0442\u043a\u0430\u043d\u044c Grey Heather 600D, \u0431\u043b\u0430\u0433\u043e\u0434\u0430\u0440\u044f \u043a\u043e\u0442\u043e\u0440\u043e\u0439 \u0432\u0430\u0448\u0438 \u0432\u0435\u0449\u0438 \u0431\u0443\u0434\u0443\u0442 \u043d\u0430\u0434\u0435\u0436\u043d\u043e \u0437\u0430\u0449\u0438\u0449\u0435\u043d\u044b.", "section": 4, "order": 0}}, {"model": "store.product", "pk": 18, "fields": {"title": "\u041f\u0440\u043e\u0446\u0435\u0441\u0441\u043e\u0440 AMD Ryzen Threadripper 2920X", "picture": "1121117_v01_b.jpg", "description": "\u0441\u043e\u043a\u0435\u0442 TR4, \u044f\u0434\u0440\u043e Threadripper, \u044f\u0434\u0435\u0440 \u2014 12, \u043f\u043e\u0442\u043e\u043a\u043e\u0432 \u2014 24, L3 \u043a\u044d\u0448 32\u041c\u0431, \u0447\u0430\u0441\u0442\u043e\u0442\u0430 3.5 \u0413\u0413\u0446 \u0438 4.3 \u0413\u0413\u0446 \u0432 \u0440\u0435\u0436\u0438\u043c\u0435 Turbo, \u0442\u0435\u0445\u043f\u0440\u043e\u0446\u0435\u0441\u0441 12\u043d\u043c, \u043f\u043e\u0434\u0434\u0435\u0440\u0436\u043a\u0430 \u043f\u0430\u043c\u044f\u0442\u0438 DDR4 \u043a\u0430\u043d\u0430\u043b\u043e\u0432 \u043f\u0430\u043c\u044f\u0442\u0438 \u2014 4", "section": 4, "order": 0}}, {"model": "store.product", "pk": 19, "fields": {"title": "\u041f\u0440\u043e\u0446\u0435\u0441\u0441\u043e\u0440 AMD Ryzen 7 2700X", "picture": "1051841_v01_b.jpg", "description": "\u0441\u043e\u043a\u0435\u0442 SocketAM4, \u044f\u0434\u0440\u043e Pinnacle Ridge, \u044f\u0434\u0435\u0440 \u2014 8, \u043f\u043e\u0442\u043e\u043a\u043e\u0432 \u2014 16, L3 \u043a\u044d\u0448 16\u041c\u0431, \u0447\u0430\u0441\u0442\u043e\u0442\u0430 3.7 \u0413\u0413\u0446 \u0438 4.3 \u0413\u0413\u0446 \u0432 \u0440\u0435\u0436\u0438\u043c\u0435 Turbo, \u0442\u0435\u0445\u043f\u0440\u043e\u0446\u0435\u0441\u0441 12\u043d\u043c, \u043f\u043e\u0434\u0434\u0435\u0440\u0436\u043a\u0430 \u043f\u0430\u043c\u044f\u0442\u0438 DDR4 \u043a\u0430\u043d\u0430\u043b\u043e\u0432 \u043f\u0430\u043c\u044f\u0442\u0438 \u2014 2", "section": 4, "order": 0}}, {"model": "store.product", "pk": 20, "fields": {"title": "\u041f\u0440\u043e\u0446\u0435\u0441\u0441\u043e\u0440 INTEL Core i9 9980XE", "picture": "1104924_v02_b.jpg", "description": "\u0441\u043e\u043a\u0435\u0442 LGA 2066, \u044f\u0434\u0440\u043e Skylake-X, \u044f\u0434\u0435\u0440 \u2014 18, \u043f\u043e\u0442\u043e\u043a\u043e\u0432 \u2014 36, L3 \u043a\u044d\u0448 24.75\u041c\u0431, \u0447\u0430\u0441\u0442\u043e\u0442\u0430 3 \u0413\u0413\u0446 \u0438 4.4 \u0413\u0413\u0446 \u0432 \u0440\u0435\u0436\u0438\u043c\u0435 Turbo, \u0442\u0435\u0445\u043f\u0440\u043e\u0446\u0435\u0441\u0441 14\u043d\u043c, \u043f\u043e\u0434\u0434\u0435\u0440\u0436\u043a\u0430 \u043f\u0430\u043c\u044f\u0442\u0438 DDR4 \u0434\u043e 128 \u0413\u0411", "section": 4, "order": 0}}, {"model": "store.product", "pk": 21, "fields": {"title": "\u041f\u0440\u043e\u0446\u0435\u0441\u0441\u043e\u0440 INTEL Core i7 9800X", "picture": "1104910_v02_b.jpg", "description": "\u041e\u0441\u043d\u043e\u0432\u043d\u044b\u0435 \u0445\u0430\u0440\u0430\u043a\u0442\u0435\u0440\u0438\u0441\u0442\u0438\u043a\u0438 \u0441\u043e\u043a\u0435\u0442 LGA 2066, \u044f\u0434\u0440\u043e Skylake-X, \u044f\u0434\u0435\u0440 \u2014 8, \u043f\u043e\u0442\u043e\u043a\u043e\u0432 \u2014 16, L3 \u043a\u044d\u0448 16.5\u041c\u0431, \u0447\u0430\u0441\u0442\u043e\u0442\u0430 3.8 \u0413\u0413\u0446 \u0438 4.4 \u0413\u0413\u0446 \u0432 \u0440\u0435\u0436\u0438\u043c\u0435 Turbo, \u0442\u0435\u0445\u043f\u0440\u043e\u0446\u0435\u0441\u0441 14\u043d\u043c, \u043f\u043e\u0434\u0434\u0435\u0440\u0436\u043a\u0430 \u043f\u0430\u043c\u044f\u0442\u0438 DDR4 \u0434\u043e 128 \u0413\u0411", "section": 4, "order": 0}}, {"model": "store.product", "pk": 22, "fields": {"title": "\u0418\u0433\u0440\u043e\u0432\u0430\u044f \u043a\u043e\u043d\u0441\u043e\u043b\u044c PLAYSTATION 4 Pro \u0441 1 \u0422\u0411", "picture": "1103324_v01_b.jpg", "description": "Wi-Fi: 802.11ac; \u043e\u0431\u044a\u0451\u043c \u0432\u0441\u0442\u0440\u043e\u0435\u043d\u043d\u043e\u0439 \u043f\u0430\u043c\u044f\u0442\u0438: 1000\u0413\u0431", "section": 4, "order": 0}}, {"model": "store.product", "pk": 23, "fields": {"title": "\u041d\u043e\u0443\u0442\u0431\u0443\u043a ASUS X540YA-XO047D, 15.6\", AMD E1", "picture": "393607_v01_b.jpg", "description": "\u044d\u043a\u0440\u0430\u043d: 15.6\"; \u0440\u0430\u0437\u0440\u0435\u0448\u0435\u043d\u0438\u0435 \u044d\u043a\u0440\u0430\u043d\u0430: 1366\u00d7768; \u043f\u0440\u043e\u0446\u0435\u0441\u0441\u043e\u0440: AMD E1 7010; \u0447\u0430\u0441\u0442\u043e\u0442\u0430: 1.5 \u0413\u0413\u0446; \u043f\u0430\u043c\u044f\u0442\u044c: 2048 \u041c\u0431, DDR3L; HDD: 500 \u0413\u0431, 5400 \u043e\u0431/\u043c\u0438\u043d; AMD Radeon R2; WiFi; Bluetooth; HDMI; WEB-\u043a\u0430\u043c\u0435\u0440\u0430; Free DOS", "section": 4, "order": 0}}, {"model": "store.article", "pk": 1, "fields": {"title": "\u0414\u043e\u0431\u0440\u043e \u043f\u043e\u0436\u0430\u043b\u043e\u0432\u0430\u0442\u044c \u043d\u0430 \u0441\u0430\u0439\u0442 \u043f\u0440\u043e\u0441\u0442\u043e \u043c\u0430\u0433\u0430\u0437\u0438\u043d\u0430", "content": "\u041b\u0443\u0447\u0448\u0438\u0435 \u043c\u043e\u0431\u0438\u043b\u044b \u0442\u043e\u043b\u044c\u043a\u043e \u0443 \u043d\u0430\u0441:", "order": -1, "products": [7, 9, 10]}}, {"model": "store.article", "pk": 2, "fields": {"title": "\u041d\u0435 \u0437\u043d\u0430\u0435\u0442\u0435 \u0447\u0442\u043e \u043e\u0434\u0435\u0442\u044c \u043b\u0435\u0442\u043e\u043c?", "content": "\u0412\u043e\u0442 \u0447\u0442\u043e \u043c\u044b \u043c\u043e\u0436\u0435\u043c \u043f\u0440\u0435\u0434\u043b\u043e\u0436\u0438\u0442\u044c:", "order": 0, "products": [15, 16, 17]}}, {"model": "store.article", "pk": 3, "fields": {"title": "\u0424\u043e\u0442\u043e\u0433\u0440\u0430\u0444\u0438\u0440\u0443\u0439 \u043f\u0440\u0430\u0432\u0438\u043b\u044c\u043d\u043e", "content": "\u041b\u0443\u0447\u0448\u0430\u044f \u0442\u0435\u0445\u043d\u0438\u043a\u0430 \u0434\u043b\u044f \u043e\u0442\u043b\u0438\u0447\u043d\u044b\u0445 \u0444\u043e\u0442\u043e\u0433\u0440\u0430\u0444\u0438\u0439:", "order": 1, "products": [3, 6]}}, {"model": "store.orderline", "pk": 1, "fields": {"product": 7, "quantity": 1}}, {"model": "store.orderline", "pk": 2, "fields": {"product": 9, "quantity": 1}}, {"model": "store.orderline", "pk": 3, "fields": {"product": 7, "quantity": 1}}, {"model": "store.orderline", "pk": 4, "fields": {"product": 9, "quantity": 1}}, {"model": "store.orderline", "pk": 5, "fields": {"product": 7, "quantity": 1}}, {"model": "store.orderline", "pk": 6, "fields": {"product": 9, "quantity": 2}}, {"model": "store.orderline", "pk": 7, "fields": {"product": 7, "quantity": 1}}, {"model": "store.orderline", "pk": 8, "fields": {"product": 9, "quantity": 2}}, {"model": "store.orderline", "pk": 9, "fields": {"product": 7, "quantity": 1}}, {"model": "store.orderline", "pk": 10, "fields": {"product": 9, "quantity": 2}}, {"model": "store.orderline", "pk": 11, "fields": {"product": 7, "quantity": 1}}, {"model": "store.orderline", "pk": 12, "fields": {"product": 9, "quantity": 2}}, {"model": "store.orderline", "pk": 13, "fields": {"product": 14, "quantity": 1}}, {"model": "store.orderline", "pk": 14, "fields": {"product": 15, "quantity": 1}}, {"model": "store.orderline", "pk": 15, "fields": {"product": 16, "quantity": 2}}, {"model": "store.orderline", "pk": 16, "fields": {"product": 14, "quantity": 1}}, {"model": "store.orderline", "pk": 17, "fields": {"product": 14, "quantity": 1}}, {"model": "store.orderline", "pk": 18, "fields": {"product": 14, "quantity": 1}}, {"model": "store.orderline", "pk": 19, "fields": {"product": 9, "quantity": 1}}, {"model": "store.orderline", "pk": 20, "fields": {"product": 1, "quantity": 1}}, {"model": "auth.permission", "pk": 1, "fields": {"name": "Can add log entry", "content_type": 1, "codename": "add_logentry"}}, {"model": "auth.permission", "pk": 2, "fields": {"name": "Can change log entry", "content_type": 1, "codename": "change_logentry"}}, {"model": "auth.permission", "pk": 3, "fields": {"name": "Can delete log entry", "content_type": 1, "codename": "delete_logentry"}}, {"model": "auth.permission", "pk": 4, "fields": {"name": "Can view log entry", "content_type": 1, "codename": "view_logentry"}}, {"model": "auth.permission", "pk": 5, "fields": {"name": "Can add permission", "content_type": 2, "codename": "add_permission"}}, {"model": "auth.permission", "pk": 6, "fields": {"name": "Can change permission", "content_type": 2, "codename": "change_permission"}}, {"model": "auth.permission", "pk": 7, "fields": {"name": "Can delete permission", "content_type": 2, "codename": "delete_permission"}}, {"model": "auth.permission", "pk": 8, "fields": {"name": "Can view permission", "content_type": 2, "codename": "view_permission"}}, {"model": "auth.permission", "pk": 9, "fields": {"name": "Can add group", "content_type": 3, "codename": "add_group"}}, {"model": "auth.permission", "pk": 10, "fields": {"name": "Can change group", "content_type": 3, "codename": "change_group"}}, {"model": "auth.permission", "pk": 11, "fields": {"name": "Can delete group", "content_type": 3, "codename": "delete_group"}}, {"model": "auth.permission", "pk": 12, "fields": {"name": "Can view group", "content_type": 3, "codename": "view_group"}}, {"model": "auth.permission", "pk": 13, "fields": {"name": "Can add user", "content_type": 4, "codename": "add_user"}}, {"model": "auth.permission", "pk": 14, "fields": {"name": "Can change user", "content_type": 4, "codename": "change_user"}}, {"model": "auth.permission", "pk": 15, "fields": {"name": "Can delete user", "content_type": 4, "codename": "delete_user"}}, {"model": "auth.permission", "pk": 16, "fields": {"name": "Can view user", "content_type": 4, "codename": "view_user"}}, {"model": "auth.permission", "pk": 17, "fields": {"name": "Can add content type", "content_type": 5, "codename": "add_contenttype"}}, {"model": "auth.permission", "pk": 18, "fields": {"name": "Can change content type", "content_type": 5, "codename": "change_contenttype"}}, {"model": "auth.permission", "pk": 19, "fields": {"name": "Can delete content type", "content_type": 5, "codename": "delete_contenttype"}}, {"model": "auth.permission", "pk": 20, "fields": {"name": "Can view content type", "content_type": 5, "codename": "view_contenttype"}}, {"model": "auth.permission", "pk": 21, "fields": {"name": "Can add session", "content_type": 6, "codename": "add_session"}}, {"model": "auth.permission", "pk": 22, "fields": {"name": "Can change session", "content_type": 6, "codename": "change_session"}}, {"model": "auth.permission", "pk": 23, "fields": {"name": "Can delete session", "content_type": 6, "codename": "delete_session"}}, {"model": "auth.permission", "pk": 24, "fields": {"name": "Can view session", "content_type": 6, "codename": "view_session"}}, {"model": "auth.permission", "pk": 25, "fields": {"name": "Can add \u041a\u0430\u0442\u0435\u0433\u043e\u0440\u0438\u044f", "content_type": 7, "codename": "add_category"}}, {"model": "auth.permission", "pk": 26, "fields": {"name": "Can change \u041a\u0430\u0442\u0435\u0433\u043e\u0440\u0438\u044f", "content_type": 7, "codename": "change_category"}}, {"model": "auth.permission", "pk": 27, "fields": {"name": "Can delete \u041a\u0430\u0442\u0435\u0433\u043e\u0440\u0438\u044f", "content_type": 7, "codename": "delete_category"}}, {"model": "auth.permission", "pk": 28, "fields": {"name": "Can view \u041a\u0430\u0442\u0435\u0433\u043e\u0440\u0438\u044f", "content_type": 7, "codename": "view_category"}}, {"model": "auth.permission", "pk": 29, "fields": {"name": "Can add \u0420\u0430\u0437\u0434\u0435\u043b", "content_type": 8, "codename": "add_section"}}, {"model": "auth.permission", "pk": 30, "fields": {"name": "Can change \u0420\u0430\u0437\u0434\u0435\u043b", "content_type": 8, "codename": "change_section"}}, {"model": "auth.permission", "pk": 31, "fields": {"name": "Can delete \u0420\u0430\u0437\u0434\u0435\u043b", "content_type": 8, "codename": "delete_section"}}, {"model": "auth.permission", "pk": 32, "fields": {"name": "Can view \u0420\u0430\u0437\u0434\u0435\u043b", "content_type": 8, "codename": "view_section"}}, {"model": "auth.permission", "pk": 33, "fields": {"name": "Can add \u0422\u043e\u0432\u0430\u0440", "content_type": 9, "codename": "add_product"}}, {"model": "auth.permission", "pk": 34, "fields": {"name": "Can change \u0422\u043e\u0432\u0430\u0440", "content_type": 9, "codename": "change_product"}}, {"model": "auth.permission", "pk": 35, "fields": {"name": "Can delete \u0422\u043e\u0432\u0430\u0440", "content_type": 9, "codename": "delete_product"}}, {"model": "auth.permission", "pk": 36, "fields": {"name": "Can view \u0422\u043e\u0432\u0430\u0440", "content_type": 9, "codename": "view_product"}}, {"model": "auth.permission", "pk": 37, "fields": {"name": "Can add \u0421\u0442\u0430\u0442\u044c\u044f", "content_type": 10, "codename": "add_article"}}, {"model": "auth.permission", "pk": 38, "fields": {"name": "Can change \u0421\u0442\u0430\u0442\u044c\u044f", "content_type": 10, "codename": "change_article"}}, {"model": "auth.permission", "pk": 39, "fields": {"name": "Can delete \u0421\u0442\u0430\u0442\u044c\u044f", "content_type": 10, "codename": "delete_article"}}, {"model": "auth.permission", "pk": 40, "fields": {"name": "Can view \u0421\u0442\u0430\u0442\u044c\u044f", "content_type": 10, "codename": "view_article"}}, {"model": "auth.permission", "pk": 41, "fields": {"name": "Can add order", "content_type": 11, "codename": "add_order"}}, {"model": "auth.permission", "pk": 42, "fields": {"name": "Can change order", "content_type": 11, "codename": "change_order"}}, {"model": "auth.permission", "pk": 43, "fields": {"name": "Can delete order", "content_type": 11, "codename": "delete_order"}}, {"model": "auth.permission", "pk": 44, "fields": {"name": "Can view order", "content_type": 11, "codename": "view_order"}}, {"model": "auth.permission", "pk": 45, "fields": {"name": "Can add order line", "content_type": 12, "codename": "add_orderline"}}, {"model": "auth.permission", "pk": 46, "fields": {"name": "Can change order line", "content_type": 12, "codename": "change_orderline"}}, {"model": "auth.permission", "pk": 47, "fields": {"name": "Can delete order line", "content_type": 12, "codename": "delete_orderline"}}, {"model": "auth.permission", "pk": 48, "fields": {"name": "Can view order line", "content_type": 12, "codename": "view_orderline"}}, {"model": "auth.user", "pk": 1, "fields": {"password": "pbkdf2_sha256$150000$PtZQkaOEz5sw$i42/R/eJoxOK1WLOLz++d1rcmU9ceJdB4D2SxHWiqac=", "last_login": "2019-07-17T07:11:28.482Z", "is_superuser": true, "username": "admin", "first_name": "", "last_name": "", "email": "admin@admin.admin", "is_staff": true, "is_active": true, "date_joined": "2019-07-08T15:54:31.774Z", "groups": [], "user_permissions": []}}, {"model": "store.order", "pk": 2, "fields": {"user": 1, "products": [11, 12, 13, 14, 15]}}, {"model": "store.order", "pk": 3, "fields": {"user": 1, "products": [16]}}, {"model": "store.order", "pk": 4, "fields": {"user": 1, "products": [17]}}, {"model": "store.order", "pk": 5, "fields": {"user": 1, "products": [18, 19, 20]}}, {"model": "admin.logentry", "pk": 1, "fields": {"action_time": "2019-07-08T15:55:12.282Z", "user": 1, "content_type": 7, "object_id": "1", "object_repr": "\u0421\u043c\u0430\u0440\u0442\u0444\u043e\u043d\u044b", "action_flag": 1, "change_message": "[{\"added\": {}}]"}}, {"model": "admin.logentry", "pk": 2, "fields": {"action_time": "2019-07-08T15:55:20.635Z", "user": 1, "content_type": 7, "object_id": "2", "object_repr": "\u0424\u043e\u0442\u043e\u0430\u043f\u043f\u0430\u0440\u0430\u0442\u044b", "action_flag": 1, "change_message": "[{\"added\": {}}]"}}, {"model": "admin.logentry", "pk": 3, "fields": {"action_time": "2019-07-08T15:55:49.338Z", "user": 1, "content_type": 8, "object_id": "1", "object_repr": "Xiaomi", "action_flag": 1, "change_message": "[{\"added\": {}}]"}}, {"model": "admin.logentry", "pk": 4, "fields": {"action_time": "2019-07-08T15:55:59.876Z", "user": 1, "content_type": 8, "object_id": "2", "object_repr": "Samsung", "action_flag": 1, "change_message": "[{\"added\": {}}]"}}, {"model": "admin.logentry", "pk": 5, "fields": {"action_time": "2019-07-08T15:56:11.176Z", "user": 1, "content_type": 8, "object_id": "3", "object_repr": "Huawei", "action_flag": 1, "change_message": "[{\"added\": {}}]"}}, {"model": "admin.logentry", "pk": 6, "fields": {"action_time": "2019-07-08T15:56:22.921Z", "user": 1, "content_type": 8, "object_id": "4", "object_repr": "\u0410\u043a\u0441\u0435\u0441\u0441\u0443\u0430\u0440\u044b", "action_flag": 1, "change_message": "[{\"added\": {}}]"}}, {"model": "admin.logentry", "pk": 7, "fields": {"action_time": "2019-07-08T15:56:31.775Z", "user": 1, "content_type": 8, "object_id": "5", "object_repr": "Nikon", "action_flag": 1, "change_message": "[{\"added\": {}}]"}}, {"model": "admin.logentry", "pk": 8, "fields": {"action_time": "2019-07-08T15:56:37.917Z", "user": 1, "content_type": 8, "object_id": "6", "object_repr": "Canon", "action_flag": 1, "change_message": "[{\"added\": {}}]"}}, {"model": "admin.logentry", "pk": 9, "fields": {"action_time": "2019-07-08T16:09:40.837Z", "user": 1, "content_type": 9, "object_id": "1", "object_repr": "CANON EOS 4000D KIT", "action_flag": 1, "change_message": "[{\"added\": {}}]"}}, {"model": "admin.logentry", "pk": 10, "fields": {"action_time": "2019-07-08T16:11:40.153Z", "user": 1, "content_type": 9, "object_id": "1", "object_repr": "CANON EOS 4000D KIT", "action_flag": 2, "change_message": "[{\"changed\": {\"fields\": [\"description\"]}}]"}}, {"model": "admin.logentry", "pk": 11, "fields": {"action_time": "2019-07-08T16:12:15.392Z", "user": 1, "content_type": 9, "object_id": "1", "object_repr": "CANON EOS 4000D KIT", "action_flag": 2, "change_message": "[{\"changed\": {\"fields\": [\"description\"]}}]"}}, {"model": "admin.logentry", "pk": 12, "fields": {"action_time": "2019-07-08T16:12:43.681Z", "user": 1, "content_type": 9, "object_id": "2", "object_repr": "CANON EOS 2000D kit", "action_flag": 1, "change_message": "[{\"added\": {}}]"}}, {"model": "admin.logentry", "pk": 13, "fields": {"action_time": "2019-07-08T16:15:03.827Z", "user": 1, "content_type": 9, "object_id": "3", "object_repr": "CANON EOS 200D kit", "action_flag": 1, "change_message": "[{\"added\": {}}]"}}, {"model": "admin.logentry", "pk": 14, "fields": {"action_time": "2019-07-08T16:16:09.229Z", "user": 1, "content_type": 9, "object_id": "4", "object_repr": "NIKON D3500 kit", "action_flag": 1, "change_message": "[{\"added\": {}}]"}}, {"model": "admin.logentry", "pk": 15, "fields": {"action_time": "2019-07-08T16:16:58.733Z", "user": 1, "content_type": 9, "object_id": "5", "object_repr": "NIKON D5300 kit", "action_flag": 1, "change_message": "[{\"added\": {}}]"}}, {"model": "admin.logentry", "pk": 16, "fields": {"action_time": "2019-07-08T16:17:45.770Z", "user": 1, "content_type": 9, "object_id": "6", "object_repr": "NIKON D7500 kit", "action_flag": 1, "change_message": "[{\"added\": {}}]"}}, {"model": "admin.logentry", "pk": 17, "fields": {"action_time": "2019-07-08T16:25:28.740Z", "user": 1, "content_type": 9, "object_id": "6", "object_repr": "NIKON D7500 kit", "action_flag": 2, "change_message": "[{\"changed\": {\"fields\": [\"picture\"]}}]"}}, {"model": "admin.logentry", "pk": 18, "fields": {"action_time": "2019-07-08T16:25:48.077Z", "user": 1, "content_type": 9, "object_id": "5", "object_repr": "NIKON D5300 kit", "action_flag": 2, "change_message": "[{\"changed\": {\"fields\": [\"picture\"]}}]"}}, {"model": "admin.logentry", "pk": 19, "fields": {"action_time": "2019-07-08T16:26:03.433Z", "user": 1, "content_type": 9, "object_id": "4", "object_repr": "NIKON D3500 kit", "action_flag": 2, "change_message": "[{\"changed\": {\"fields\": [\"picture\"]}}]"}}, {"model": "admin.logentry", "pk": 20, "fields": {"action_time": "2019-07-08T16:26:15.154Z", "user": 1, "content_type": 9, "object_id": "3", "object_repr": "CANON EOS 200D kit", "action_flag": 2, "change_message": "[{\"changed\": {\"fields\": [\"picture\"]}}]"}}, {"model": "admin.logentry", "pk": 21, "fields": {"action_time": "2019-07-08T16:26:29.222Z", "user": 1, "content_type": 9, "object_id": "2", "object_repr": "CANON EOS 2000D kit", "action_flag": 2, "change_message": "[{\"changed\": {\"fields\": [\"picture\"]}}]"}}, {"model": "admin.logentry", "pk": 22, "fields": {"action_time": "2019-07-08T16:26:49.246Z", "user": 1, "content_type": 9, "object_id": "1", "object_repr": "CANON EOS 4000D KIT", "action_flag": 2, "change_message": "[{\"changed\": {\"fields\": [\"picture\"]}}]"}}, {"model": "admin.logentry", "pk": 23, "fields": {"action_time": "2019-07-08T16:28:54.506Z", "user": 1, "content_type": 9, "object_id": "7", "object_repr": "HUAWEI Y5 Lite 16Gb", "action_flag": 1, "change_message": "[{\"added\": {}}]"}}, {"model": "admin.logentry", "pk": 24, "fields": {"action_time": "2019-07-08T16:29:40.974Z", "user": 1, "content_type": 9, "object_id": "8", "object_repr": "HUAWEI Y6 Prime 16Gb", "action_flag": 1, "change_message": "[{\"added\": {}}]"}}, {"model": "admin.logentry", "pk": 25, "fields": {"action_time": "2019-07-08T16:31:28.057Z", "user": 1, "content_type": 9, "object_id": "9", "object_repr": "SAMSUNG Galaxy J2 Prime 8Gb", "action_flag": 1, "change_message": "[{\"added\": {}}]"}}, {"model": "admin.logentry", "pk": 26, "fields": {"action_time": "2019-07-08T16:31:51.842Z", "user": 1, "content_type": 9, "object_id": "10", "object_repr": "XIAOMI Mi 9 128Gb", "action_flag": 1, "change_message": "[{\"added\": {}}]"}}, {"model": "admin.logentry", "pk": 27, "fields": {"action_time": "2019-07-08T16:33:23.607Z", "user": 1, "content_type": 9, "object_id": "11", "object_repr": "XIAOMI Mi Mix 3 6/128Gb", "action_flag": 1, "change_message": "[{\"added\": {}}]"}}, {"model": "admin.logentry", "pk": 28, "fields": {"action_time": "2019-07-08T16:33:53.255Z", "user": 1, "content_type": 9, "object_id": "12", "object_repr": "XIAOMI Mi 9 64Gb", "action_flag": 1, "change_message": "[{\"added\": {}}]"}}, {"model": "admin.logentry", "pk": 29, "fields": {"action_time": "2019-07-08T16:34:31.535Z", "user": 1, "content_type": 9, "object_id": "13", "object_repr": "XIAOMI Mi MIX2S 128Gb", "action_flag": 1, "change_message": "[{\"added\": {}}]"}}, {"model": "admin.logentry", "pk": 30, "fields": {"action_time": "2019-07-08T16:38:29.975Z", "user": 1, "content_type": 9, "object_id": "13", "object_repr": "XIAOMI Mi MIX2S 128Gb", "action_flag": 2, "change_message": "[{\"changed\": {\"fields\": [\"picture\"]}}]"}}, {"model": "admin.logentry", "pk": 31, "fields": {"action_time": "2019-07-08T16:38:48.492Z", "user": 1, "content_type": 9, "object_id": "12", "object_repr": "XIAOMI Mi 9 64Gb", "action_flag": 2, "change_message": "[{\"changed\": {\"fields\": [\"picture\"]}}]"}}, {"model": "admin.logentry", "pk": 32, "fields": {"action_time": "2019-07-08T16:39:00.319Z", "user": 1, "content_type": 9, "object_id": "11", "object_repr": "XIAOMI Mi Mix 3 6/128Gb", "action_flag": 2, "change_message": "[{\"changed\": {\"fields\": [\"picture\"]}}]"}}, {"model": "admin.logentry", "pk": 33, "fields": {"action_time": "2019-07-08T16:39:15.415Z", "user": 1, "content_type": 9, "object_id": "10", "object_repr": "XIAOMI Mi 9 128Gb", "action_flag": 2, "change_message": "[{\"changed\": {\"fields\": [\"picture\"]}}]"}}, {"model": "admin.logentry", "pk": 34, "fields": {"action_time": "2019-07-08T16:39:27.517Z", "user": 1, "content_type": 9, "object_id": "9", "object_repr": "SAMSUNG Galaxy J2 Prime 8Gb", "action_flag": 2, "change_message": "[{\"changed\": {\"fields\": [\"picture\"]}}]"}}, {"model": "admin.logentry", "pk": 35, "fields": {"action_time": "2019-07-08T16:39:38.281Z", "user": 1, "content_type": 9, "object_id": "8", "object_repr": "HUAWEI Y6 Prime 16Gb", "action_flag": 2, "change_message": "[{\"changed\": {\"fields\": [\"picture\"]}}]"}}, {"model": "admin.logentry", "pk": 36, "fields": {"action_time": "2019-07-08T16:39:54.441Z", "user": 1, "content_type": 9, "object_id": "7", "object_repr": "HUAWEI Y5 Lite 16Gb", "action_flag": 2, "change_message": "[{\"changed\": {\"fields\": [\"picture\"]}}]"}}, {"model": "admin.logentry", "pk": 37, "fields": {"action_time": "2019-07-08T16:39:59.515Z", "user": 1, "content_type": 9, "object_id": "13", "object_repr": "XIAOMI Mi MIX2S 128Gb", "action_flag": 2, "change_message": "[{\"changed\": {\"fields\": [\"picture\"]}}]"}}, {"model": "admin.logentry", "pk": 38, "fields": {"action_time": "2019-07-08T16:40:03.520Z", "user": 1, "content_type": 9, "object_id": "12", "object_repr": "XIAOMI Mi 9 64Gb", "action_flag": 2, "change_message": "[{\"changed\": {\"fields\": [\"picture\"]}}]"}}, {"model": "admin.logentry", "pk": 39, "fields": {"action_time": "2019-07-08T16:40:07.164Z", "user": 1, "content_type": 9, "object_id": "11", "object_repr": "XIAOMI Mi Mix 3 6/128Gb", "action_flag": 2, "change_message": "[{\"changed\": {\"fields\": [\"picture\"]}}]"}}, {"model": "admin.logentry", "pk": 40, "fields": {"action_time": "2019-07-08T16:40:11.321Z", "user": 1, "content_type": 9, "object_id": "10", "object_repr": "XIAOMI Mi 9 128Gb", "action_flag": 2, "change_message": "[{\"changed\": {\"fields\": [\"picture\"]}}]"}}, {"model": "admin.logentry", "pk": 41, "fields": {"action_time": "2019-07-08T16:40:15.343Z", "user": 1, "content_type": 9, "object_id": "9", "object_repr": "SAMSUNG Galaxy J2 Prime 8Gb", "action_flag": 2, "change_message": "[{\"changed\": {\"fields\": [\"picture\"]}}]"}}, {"model": "admin.logentry", "pk": 42, "fields": {"action_time": "2019-07-08T16:40:18.916Z", "user": 1, "content_type": 9, "object_id": "9", "object_repr": "SAMSUNG Galaxy J2 Prime 8Gb", "action_flag": 2, "change_message": "[]"}}, {"model": "admin.logentry", "pk": 43, "fields": {"action_time": "2019-07-08T16:40:22.711Z", "user": 1, "content_type": 9, "object_id": "8", "object_repr": "HUAWEI Y6 Prime 16Gb", "action_flag": 2, "change_message": "[{\"changed\": {\"fields\": [\"picture\"]}}]"}}, {"model": "admin.logentry", "pk": 44, "fields": {"action_time": "2019-07-08T16:40:35.208Z", "user": 1, "content_type": 9, "object_id": "6", "object_repr": "NIKON D7500 kit", "action_flag": 2, "change_message": "[{\"changed\": {\"fields\": [\"picture\"]}}]"}}, {"model": "admin.logentry", "pk": 45, "fields": {"action_time": "2019-07-08T16:40:39.931Z", "user": 1, "content_type": 9, "object_id": "5", "object_repr": "NIKON D5300 kit", "action_flag": 2, "change_message": "[{\"changed\": {\"fields\": [\"picture\"]}}]"}}, {"model": "admin.logentry", "pk": 46, "fields": {"action_time": "2019-07-08T16:40:45.673Z", "user": 1, "content_type": 9, "object_id": "4", "object_repr": "NIKON D3500 kit", "action_flag": 2, "change_message": "[{\"changed\": {\"fields\": [\"picture\"]}}]"}}, {"model": "admin.logentry", "pk": 47, "fields": {"action_time": "2019-07-08T16:40:49.974Z", "user": 1, "content_type": 9, "object_id": "3", "object_repr": "CANON EOS 200D kit", "action_flag": 2, "change_message": "[{\"changed\": {\"fields\": [\"picture\"]}}]"}}, {"model": "admin.logentry", "pk": 48, "fields": {"action_time": "2019-07-08T16:40:53.988Z", "user": 1, "content_type": 9, "object_id": "2", "object_repr": "CANON EOS 2000D kit", "action_flag": 2, "change_message": "[{\"changed\": {\"fields\": [\"picture\"]}}]"}}, {"model": "admin.logentry", "pk": 49, "fields": {"action_time": "2019-07-08T16:40:57.299Z", "user": 1, "content_type": 9, "object_id": "1", "object_repr": "CANON EOS 4000D KIT", "action_flag": 2, "change_message": "[{\"changed\": {\"fields\": [\"picture\"]}}]"}}, {"model": "admin.logentry", "pk": 50, "fields": {"action_time": "2019-07-08T16:44:01.522Z", "user": 1, "content_type": 9, "object_id": "14", "object_repr": "\u0420\u0443\u0447\u043a\u0430 \u043f\u0435\u0440\u044c\u0435\u0432\u0430\u044f Pelikan Jazz Elegance", "action_flag": 1, "change_message": "[{\"added\": {}}]"}}, {"model": "admin.logentry", "pk": 51, "fields": {"action_time": "2019-07-09T08:29:46.904Z", "user": 1, "content_type": 9, "object_id": "15", "object_repr": "\u0420\u044e\u043a\u0437\u0430\u043a Wenger 900D", "action_flag": 1, "change_message": "[{\"added\": {}}]"}}, {"model": "admin.logentry", "pk": 52, "fields": {"action_time": "2019-07-09T08:30:10.314Z", "user": 1, "content_type": 9, "object_id": "16", "object_repr": "\u0420\u044e\u043a\u0437\u0430\u043a Wenger 605095 \u043e\u0440\u0430\u043d\u0436\u0435\u0432\u044b\u0439", "action_flag": 1, "change_message": "[{\"added\": {}}]"}}, {"model": "admin.logentry", "pk": 53, "fields": {"action_time": "2019-07-09T08:30:53.657Z", "user": 1, "content_type": 9, "object_id": "17", "object_repr": "\u0420\u044e\u043a\u0437\u0430\u043a Wenger 600D PU \u0441\u0435\u0440\u044b\u0439", "action_flag": 1, "change_message": "[{\"added\": {}}]"}}, {"model": "admin.logentry", "pk": 54, "fields": {"action_time": "2019-07-09T08:31:49.118Z", "user": 1, "content_type": 9, "object_id": "17", "object_repr": "\u0420\u044e\u043a\u0437\u0430\u043a Wenger 600D PU \u0441\u0435\u0440\u044b\u0439", "action_flag": 2, "change_message": "[{\"changed\": {\"fields\": [\"picture\"]}}]"}}, {"model": "admin.logentry", "pk": 55, "fields": {"action_time": "2019-07-09T08:32:17.125Z", "user": 1, "content_type": 9, "object_id": "16", "object_repr": "\u0420\u044e\u043a\u0437\u0430\u043a Wenger 605095 \u043e\u0440\u0430\u043d\u0436\u0435\u0432\u044b\u0439", "action_flag": 2, "change_message": "[{\"changed\": {\"fields\": [\"picture\"]}}]"}}, {"model": "admin.logentry", "pk": 56, "fields": {"action_time": "2019-07-09T08:32:29.799Z", "user": 1, "content_type": 9, "object_id": "15", "object_repr": "\u0420\u044e\u043a\u0437\u0430\u043a Wenger 900D", "action_flag": 2, "change_message": "[{\"changed\": {\"fields\": [\"picture\"]}}]"}}, {"model": "admin.logentry", "pk": 57, "fields": {"action_time": "2019-07-09T08:35:00.959Z", "user": 1, "content_type": 9, "object_id": "18", "object_repr": "\u041f\u0440\u043e\u0446\u0435\u0441\u0441\u043e\u0440 AMD Ryzen Threadripper 2920X", "action_flag": 1, "change_message": "[{\"added\": {}}]"}}, {"model": "admin.logentry", "pk": 58, "fields": {"action_time": "2019-07-09T08:35:11.295Z", "user": 1, "content_type": 9, "object_id": "17", "object_repr": "\u0420\u044e\u043a\u0437\u0430\u043a Wenger 600D PU \u0441\u0435\u0440\u044b\u0439", "action_flag": 2, "change_message": "[{\"changed\": {\"fields\": [\"picture\"]}}]"}}, {"model": "admin.logentry", "pk": 59, "fields": {"action_time": "2019-07-09T08:35:15.482Z", "user": 1, "content_type": 9, "object_id": "16", "object_repr": "\u0420\u044e\u043a\u0437\u0430\u043a Wenger 605095 \u043e\u0440\u0430\u043d\u0436\u0435\u0432\u044b\u0439", "action_flag": 2, "change_message": "[{\"changed\": {\"fields\": [\"picture\"]}}]"}}, {"model": "admin.logentry", "pk": 60, "fields": {"action_time": "2019-07-09T08:35:20.030Z", "user": 1, "content_type": 9, "object_id": "15", "object_repr": "\u0420\u044e\u043a\u0437\u0430\u043a Wenger 900D", "action_flag": 2, "change_message": "[{\"changed\": {\"fields\": [\"picture\"]}}]"}}, {"model": "admin.logentry", "pk": 61, "fields": {"action_time": "2019-07-09T08:36:23.224Z", "user": 1, "content_type": 9, "object_id": "19", "object_repr": "\u041f\u0440\u043e\u0446\u0435\u0441\u0441\u043e\u0440 AMD Ryzen 7 2700X", "action_flag": 1, "change_message": "[{\"added\": {}}]"}}, {"model": "admin.logentry", "pk": 62, "fields": {"action_time": "2019-07-09T08:37:43.734Z", "user": 1, "content_type": 9, "object_id": "20", "object_repr": "\u041f\u0440\u043e\u0446\u0435\u0441\u0441\u043e\u0440 INTEL Core i9 9980XE", "action_flag": 1, "change_message": "[{\"added\": {}}]"}}, {"model": "admin.logentry", "pk": 63, "fields": {"action_time": "2019-07-09T08:38:35.187Z", "user": 1, "content_type": 9, "object_id": "21", "object_repr": "\u041f\u0440\u043e\u0446\u0435\u0441\u0441\u043e\u0440 INTEL Core i7 9800X", "action_flag": 1, "change_message": "[{\"added\": {}}]"}}, {"model": "admin.logentry", "pk": 64, "fields": {"action_time": "2019-07-09T08:40:07.853Z", "user": 1, "content_type": 9, "object_id": "22", "object_repr": "\u0418\u0433\u0440\u043e\u0432\u0430\u044f \u043a\u043e\u043d\u0441\u043e\u043b\u044c PLAYSTATION 4 Pro \u0441 1 \u0422\u0411", "action_flag": 1, "change_message": "[{\"added\": {}}]"}}, {"model": "admin.logentry", "pk": 65, "fields": {"action_time": "2019-07-09T08:40:46.647Z", "user": 1, "content_type": 9, "object_id": "23", "object_repr": "\u041d\u043e\u0443\u0442\u0431\u0443\u043a ASUS X540YA-XO047D, 15.6\", AMD E1", "action_flag": 1, "change_message": "[{\"added\": {}}]"}}, {"model": "admin.logentry", "pk": 66, "fields": {"action_time": "2019-07-10T09:18:02.692Z", "user": 1, "content_type": 9, "object_id": "23", "object_repr": "\u041d\u043e\u0443\u0442\u0431\u0443\u043a ASUS X540YA-XO047D, 15.6\", AMD E1", "action_flag": 2, "change_message": "[{\"changed\": {\"fields\": [\"section\"]}}]"}}, {"model": "admin.logentry", "pk": 67, "fields": {"action_time": "2019-07-10T09:18:26.022Z", "user": 1, "content_type": 9, "object_id": "22", "object_repr": "\u0418\u0433\u0440\u043e\u0432\u0430\u044f \u043a\u043e\u043d\u0441\u043e\u043b\u044c PLAYSTATION 4 Pro \u0441 1 \u0422\u0411", "action_flag": 2, "change_message": "[{\"changed\": {\"fields\": [\"section\"]}}]"}}, {"model": "admin.logentry", "pk": 68, "fields": {"action_time": "2019-07-10T09:18:48.627Z", "user": 1, "content_type": 9, "object_id": "23", "object_repr": "\u041d\u043e\u0443\u0442\u0431\u0443\u043a ASUS X540YA-XO047D, 15.6\", AMD E1", "action_flag": 2, "change_message": "[{\"changed\": {\"fields\": [\"section\"]}}]"}}, {"model": "admin.logentry", "pk": 69, "fields": {"action_time": "2019-07-10T09:18:52.374Z", "user": 1, "content_type": 9, "object_id": "22", "object_repr": "\u0418\u0433\u0440\u043e\u0432\u0430\u044f \u043a\u043e\u043d\u0441\u043e\u043b\u044c PLAYSTATION 4 Pro \u0441 1 \u0422\u0411", "action_flag": 2, "change_message": "[{\"changed\": {\"fields\": [\"section\"]}}]"}}, {"model": "admin.logentry", "pk": 70, "fields": {"action_time": "2019-07-10T12:08:23.319Z", "user": 1, "content_type": 10, "object_id": "1", "object_repr": "\u0414\u043e\u0431\u0440\u043e \u043f\u043e\u0436\u0430\u043b\u043e\u0432\u0430\u0442\u044c \u043d\u0430 \u0441\u0430\u0439\u0442 \u043f\u0440\u043e\u0441\u0442\u043e \u043c\u0430\u0433\u0430\u0437\u0438\u043d\u0430", "action_flag": 1, "change_message": "[{\"added\": {}}]"}}, {"model": "admin.logentry", "pk": 71, "fields": {"action_time": "2019-07-10T12:08:51.622Z", "user": 1, "content_type": 10, "object_id": "2", "object_repr": "\u041d\u0435 \u0437\u043d\u0430\u0435\u0442\u0435 \u0447\u0442\u043e \u043e\u0434\u0435\u0442\u044c \u043b\u0435\u0442\u043e\u043c?", "action_flag": 1, "change_message": "[{\"added\": {}}]"}}, {"model": "admin.logentry", "pk": 72, "fields": {"action_time": "2019-07-10T12:29:09.430Z", "user": 1, "content_type": 10, "object_id": "3", "object_repr": "\u0424\u043e\u0442\u043e\u0433\u0440\u0430\u0444\u0438\u0440\u0443\u0439 \u043f\u0440\u0430\u0432\u0438\u043b\u044c\u043d\u043e", "action_flag": 1, "change_message": "[{\"added\": {}}]"}}, {"model": "admin.logentry", "pk": 73, "fields": {"action_time": "2019-07-10T12:29:24.272Z", "user": 1, "content_type": 10, "object_id": "3", "object_repr": "\u0424\u043e\u0442\u043e\u0433\u0440\u0430\u0444\u0438\u0440\u0443\u0439 \u043f\u0440\u0430\u0432\u0438\u043b\u044c\u043d\u043e", "action_flag": 2, "change_message": "[{\"changed\": {\"fields\": [\"order\"]}}]"}}, {"model": "admin.logentry", "pk": 74, "fields": {"action_time": "2019-07-10T12:52:02.666Z", "user": 1, "content_type": 10, "object_id": "3", "object_repr": "\u0424\u043e\u0442\u043e\u0433\u0440\u0430\u0444\u0438\u0440\u0443\u0439 \u043f\u0440\u0430\u0432\u0438\u043b\u044c\u043d\u043e", "action_flag": 2, "change_message": "[{\"changed\": {\"fields\": [\"content\"]}}]"}}, {"model": "admin.logentry", "pk": 75, "fields": {"action_time": "2019-07-12T05:40:07.005Z", "user": 1, "content_type": 11, "object_id": "1", "object_repr": "\u0417\u0430\u043a\u0430\u0437 1 - admin", "action_flag": 3, "change_message": ""}}]